City_ID,City,Country,Date,Lat,Lng,Max Temp,Humidity,Cloudiness,Wind Speed
0,Druzhba,UA,2021-01-21 23:40:53,52.0428,33.9453,29.12,99,100,12.95
1,Kargasok,RU,2021-01-21 23:40:53,59.0556,80.8572,-8.72,91,100,3.74
2,Rikitea,PF,2021-01-21 23:40:53,-23.1203,-134.9692,78.91,74,0,15.08
3,Punta Arenas,CL,2021-01-21 23:40:53,-53.15,-70.9167,55.4,50,20,17.27
4,Cidreira,BR,2021-01-21 23:40:53,-30.1811,-50.2056,73.67,86,88,17.47
5,Batagay,RU,2021-01-21 23:40:53,67.6333,134.6333,-30.93,83,100,1.83
6,Garza Garcia,MX,2021-01-21 23:40:54,25.6667,-100.4,66.0,82,75,5.75
7,Chicama,PE,2021-01-21 23:40:54,-7.8447,-79.1469,68.0,88,20,11.5
8,Busselton,AU,2021-01-21 23:40:54,-33.65,115.3333,70.0,72,0,1.99
9,Vaini,TO,2021-01-21 23:40:54,-21.2,-175.2,82.4,89,75,13.8
10,Kapaa,US,2021-01-21 23:40:54,22.0752,-159.319,75.99,59,31,5.99
11,Alma,CA,2021-01-21 23:40:50,48.5501,-71.6491,10.4,85,97,6.91
12,Ushuaia,AR,2021-01-21 23:40:55,-54.8,-68.3,55.4,54,40,6.91
13,Mahebourg,MU,2021-01-21 23:40:55,-20.4081,57.7,77.0,83,40,8.99
14,Belaya Gora,RU,2021-01-21 23:40:55,68.5333,146.4167,-46.66,78,72,1.14
15,Saint Anthony,US,2021-01-21 23:40:53,45.0205,-93.218,23.0,53,1,17.27
16,Hofn,IS,2021-01-21 23:40:55,64.2539,-15.2082,28.78,89,48,24.14
17,Miraflores,MX,2021-01-21 23:40:55,19.2167,-98.8083,75.2,15,1,5.75
18,Flin Flon,CA,2021-01-21 23:40:56,54.7682,-101.865,5.0,78,75,5.75
19,East London,ZA,2021-01-21 23:38:09,-33.0153,27.9116,72.61,83,33,16.91
20,Bluff,NZ,2021-01-21 23:40:56,-46.6,168.3333,60.01,75,52,15.01
21,Puerto Ayora,EC,2021-01-21 23:40:56,-0.7393,-90.3518,79.0,87,69,4.0
22,Mazagao,BR,2021-01-21 23:40:56,-0.115,-51.2894,80.6,89,75,3.44
23,Cap-Haitien,HT,2021-01-21 23:40:57,19.7578,-72.2042,76.44,82,61,13.94
24,Bilma,NE,2021-01-21 23:40:57,18.6853,12.9164,60.87,30,0,7.9
25,Olavarria,AR,2021-01-21 23:40:57,-36.8927,-60.3225,82.99,48,0,5.99
26,Lavrentiya,RU,2021-01-21 23:40:57,65.5833,-171.0,25.11,97,100,19.15
27,Longyearbyen,SJ,2021-01-21 23:40:57,78.2186,15.6401,10.4,67,0,19.57
28,San Cristobal,VE,2021-01-21 23:38:17,7.7669,-72.225,80.6,69,40,6.91
29,Viedma,AR,2021-01-21 23:40:57,-40.8135,-62.9967,93.0,26,0,13.22
30,Port Alfred,ZA,2021-01-21 23:40:58,-33.5906,26.891,66.99,94,6,1.99
31,Rongcheng,CN,2021-01-21 23:40:58,30.634,117.8517,49.32,92,100,3.29
32,Tasiilaq,GL,2021-01-21 23:40:58,65.6145,-37.6368,10.4,72,40,5.75
33,Hermanus,ZA,2021-01-21 23:40:58,-34.4187,19.2345,72.0,83,57,5.01
34,Provideniya,RU,2021-01-21 23:40:58,64.3833,-173.3,26.6,93,90,17.9
35,Sedan,FR,2021-01-21 23:40:59,49.6667,5.0,46.0,82,100,24.0
36,Priiskovyy,RU,2021-01-21 23:40:59,51.9333,116.6333,-13.23,84,34,1.3
37,Pudozh,RU,2021-01-21 23:40:59,61.8099,36.5345,0.75,91,100,6.87
38,Dogondoutchi,NE,2021-01-21 23:38:08,13.6393,4.0287,67.95,22,0,12.97
39,New Norfolk,AU,2021-01-21 23:40:59,-42.7826,147.0587,72.0,59,100,3.0
40,Salinopolis,BR,2021-01-21 23:37:18,-0.6136,-47.3561,79.41,85,98,12.03
41,Iqaluit,CA,2021-01-21 23:40:59,63.7506,-68.5145,30.2,74,75,26.46
42,Cherskiy,RU,2021-01-21 23:41:00,68.75,161.3,-40.59,81,0,1.68
43,Georgetown,MY,2021-01-21 23:36:18,5.4112,100.3354,78.01,88,20,3.44
44,Port Elizabeth,ZA,2021-01-21 23:41:00,-33.918,25.5701,69.8,94,75,4.61
45,Madera,US,2021-01-21 23:39:47,37.1666,-119.8343,68.0,22,1,3.44
46,Norman Wells,CA,2021-01-21 23:41:00,65.282,-126.8329,5.0,85,90,4.61
47,Narsaq,GL,2021-01-21 23:41:00,60.9167,-46.05,23.0,54,20,6.91
48,Borogontsy,RU,2021-01-21 23:41:00,62.6683,131.1683,-51.75,77,100,2.66
49,Bandarbeyla,SO,2021-01-21 23:41:01,9.4942,50.8122,73.63,80,73,15.57
50,Kalmunai,LK,2021-01-21 23:41:01,7.4167,81.8167,76.96,84,99,2.3
51,Melfi,IT,2021-01-21 23:41:01,40.9965,15.6514,43.84,83,100,8.34
52,Mataura,NZ,2021-01-21 23:41:01,-46.1927,168.8643,60.01,75,65,15.01
53,Chokurdakh,RU,2021-01-21 23:41:01,70.6333,147.9167,-40.88,81,45,6.46
54,Geraldton,AU,2021-01-21 23:41:02,-28.7667,114.6,73.4,88,0,3.44
55,Cape Town,ZA,2021-01-21 23:41:02,-33.9258,18.4232,69.8,73,0,10.36
56,Carnarvon,AU,2021-01-21 23:40:42,-24.8667,113.6333,77.0,94,75,13.8
57,Pangnirtung,CA,2021-01-21 23:41:02,66.1451,-65.7125,28.4,59,75,6.91
58,Touros,BR,2021-01-21 23:41:02,-5.1989,-35.4608,78.8,78,0,6.91
59,Alekseyevka,RU,2021-01-21 23:41:03,50.6309,38.6903,32.41,96,100,14.36
60,Moose Factory,CA,2021-01-21 23:41:03,51.2585,-80.6094,12.2,85,90,6.91
61,Katsuura,JP,2021-01-21 23:41:03,35.1333,140.3,45.0,56,20,4.61
62,Diffa,NE,2021-01-21 23:41:03,13.3154,12.6113,62.8,36,0,13.31
63,Jamestown,US,2021-01-21 23:41:03,42.097,-79.2353,35.01,75,90,11.5
64,Tuatapere,NZ,2021-01-21 23:41:04,-46.1333,167.6833,60.01,75,67,15.01
65,Isangel,VU,2021-01-21 23:41:04,-19.55,169.2667,78.8,94,90,11.74
66,Puqi,CN,2021-01-21 23:41:04,29.7167,113.8833,47.21,91,93,1.5
67,Mokolo,CM,2021-01-21 23:41:04,10.7398,13.8019,61.12,31,14,7.31
68,Bahia Honda,CU,2021-01-21 23:41:04,22.9036,-83.1592,69.44,81,71,7.45
69,Nikolskoye,RU,2021-01-21 23:41:04,59.7035,30.7861,15.8,86,90,15.66
70,Atuona,PF,2021-01-21 23:41:04,-9.8,-139.0333,78.44,77,53,13.87
71,Aklavik,CA,2021-01-21 23:41:05,68.2191,-135.0107,-9.4,77,75,2.3
72,Vestmannaeyjar,IS,2021-01-21 23:41:05,63.4427,-20.2734,30.13,89,62,25.08
73,Sur,OM,2021-01-21 23:41:05,22.5667,59.5289,69.76,46,7,5.7
74,Albany,US,2021-01-21 23:41:05,42.6001,-73.9662,33.01,56,71,6.29
75,Sistranda,NO,2021-01-21 23:41:05,63.7256,8.834,39.2,65,0,19.57
76,Mar Del Plata,AR,2021-01-21 23:39:53,-38.0023,-57.5575,75.2,83,0,13.8
77,Port Blair,IN,2021-01-21 23:41:06,11.6667,92.75,73.92,69,18,7.16
78,Castro,BR,2021-01-21 23:41:06,-24.7911,-50.0119,64.51,97,100,5.39
79,Constitucion,CL,2021-01-21 23:39:17,-35.3333,-72.4167,59.2,88,17,4.99
80,Hovd,MN,2021-01-21 23:41:06,48.0056,91.6419,5.09,87,2,0.92
81,San Quintin,MX,2021-01-21 23:41:06,30.4833,-115.95,61.32,73,12,6.69
82,Hengshui,CN,2021-01-21 23:36:13,37.7322,115.7011,27.46,87,3,5.73
83,Elwood,AU,2021-01-21 23:41:06,-37.8817,144.983,79.0,38,100,6.91
84,Ribeira Grande,PT,2021-01-21 23:41:07,38.5167,-28.7,59.58,67,98,6.13
85,Cabo San Lucas,MX,2021-01-21 23:37:24,22.8909,-109.9124,75.0,83,75,4.61
86,Aranos,NA,2021-01-21 23:41:07,-24.1333,19.1167,77.74,55,93,13.58
87,Zlobin,HR,2021-01-21 23:41:07,45.2924,14.6541,53.6,87,75,16.11
88,Puerto El Triunfo,SV,2021-01-21 23:41:07,13.2833,-88.55,86.0,58,20,4.61
89,Tura,IN,2021-01-21 23:41:07,25.5198,90.2201,55.24,62,0,3.74
90,Saskylakh,RU,2021-01-21 23:41:07,71.9167,114.0833,-20.33,86,100,10.56
91,Pingliang,CN,2021-01-21 23:41:07,35.5392,106.6861,29.26,69,93,2.55
92,Saint-Philippe,RE,2021-01-21 23:41:08,-21.3585,55.7679,80.6,74,75,1.14
93,Marshalltown,US,2021-01-21 23:37:54,42.0494,-92.908,35.6,64,1,10.36
94,Broken Hill,AU,2021-01-21 23:41:08,-31.95,141.4333,80.6,16,0,9.22
95,Okha,RU,2021-01-21 23:41:08,53.5739,142.9478,-0.78,92,100,13.87
96,Guerrero Negro,MX,2021-01-21 23:36:52,27.9769,-114.0611,65.79,54,16,9.57
97,Kihei,US,2021-01-21 23:38:05,20.785,-156.4656,80.6,54,40,27.63
98,Mildura,AU,2021-01-21 23:41:00,-34.2,142.15,80.6,22,0,2.3
99,Beringovskiy,RU,2021-01-21 23:41:09,63.05,179.3167,-0.63,92,100,8.7
100,Victoria,HK,2021-01-21 23:37:33,22.2855,114.1577,66.99,83,69,2.28
101,Rio Gallegos,AR,2021-01-21 23:40:34,-51.6226,-69.2181,64.4,27,40,17.27
102,Outjo,NA,2021-01-21 23:41:09,-20.1167,16.15,64.71,84,100,14.16
103,Avarua,CK,2021-01-21 23:41:09,-21.2078,-159.775,86.0,70,58,6.91
104,Ucluelet,CA,2021-01-21 23:40:35,48.9329,-125.5528,48.2,66,20,8.05
105,Coihaique,CL,2021-01-21 23:41:09,-45.5752,-72.0662,64.4,48,75,8.05
106,Hobart,AU,2021-01-21 23:41:10,-42.8794,147.3294,72.0,30,0,16.11
107,Wamba,NG,2021-01-21 23:41:10,8.9333,8.6,71.19,22,39,3.13
108,San Patricio,US,2021-01-21 23:41:10,28.017,-97.5169,66.2,94,90,1.92
109,Butaritari,KI,2021-01-21 23:41:10,3.0707,172.7902,79.95,80,24,12.95
110,General Roca,AR,2021-01-21 23:38:27,-39.0333,-67.5833,100.4,28,0,3.44
111,Souillac,MU,2021-01-21 23:41:11,-20.5167,57.5167,77.0,83,40,6.13
112,Finschhafen,PG,2021-01-21 23:41:11,-6.6024,147.8681,86.4,65,100,11.48
113,Khandyga,RU,2021-01-21 23:41:11,62.6667,135.6,-47.09,77,100,2.66
114,Unguia,CO,2021-01-21 23:41:11,8.0434,-77.0945,77.65,79,40,4.21
115,Dikson,RU,2021-01-21 23:41:11,73.5069,80.5464,-26.43,83,10,4.29
116,Vila Franca Do Campo,PT,2021-01-21 23:41:11,37.7167,-25.4333,57.0,82,20,8.05
117,Arraial Do Cabo,BR,2021-01-21 23:41:12,-22.9661,-42.0278,77.0,83,0,13.8
118,Hilo,US,2021-01-21 23:39:39,19.7297,-155.09,70.0,88,90,6.91
119,Murray Bridge,AU,2021-01-21 23:41:12,-35.1167,139.2667,82.0,31,0,3.0
120,Upernavik,GL,2021-01-21 23:41:12,72.7868,-56.1549,26.31,98,88,11.54
121,Turayf,SA,2021-01-21 23:41:12,31.6725,38.6637,30.2,86,0,8.05
122,Yellowknife,CA,2021-01-21 23:39:58,62.456,-114.3525,-14.8,76,75,5.75
123,Pampierstad,ZA,2021-01-21 23:41:13,-27.7832,24.6877,80.22,41,44,6.4
124,Iskar,BG,2021-01-21 23:41:13,43.45,24.2667,33.8,80,1,2.3
125,Chengde,CN,2021-01-21 23:41:13,40.9725,117.9361,17.49,86,0,3.15
126,Avera,US,2021-01-21 23:41:13,33.194,-82.5271,59.0,96,90,8.05
127,Port Lincoln,AU,2021-01-21 23:41:14,-34.7333,135.8667,73.6,41,0,5.84
128,Ponta Delgada,PT,2021-01-21 23:36:31,37.7333,-25.6667,57.0,82,20,8.05
129,Bolobo,CD,2021-01-21 23:41:14,-2.1667,16.2333,75.16,75,24,2.98
130,Riberalta,BO,2021-01-21 23:41:14,-10.9833,-66.1,78.8,83,75,9.22
131,Ulaanbaatar,MN,2021-01-21 23:41:14,47.9077,106.8832,-14.8,76,12,5.1
132,Nelson Bay,AU,2021-01-21 23:41:14,-32.7167,152.15,82.0,64,20,5.75
133,Tiksi,RU,2021-01-21 23:41:15,71.6872,128.8694,-31.65,83,100,18.84
134,Nome,US,2021-01-21 23:39:00,64.5011,-165.4064,30.2,80,90,13.8
135,Raudeberg,NO,2021-01-21 23:41:15,61.9875,5.1352,39.0,77,100,12.3
136,Bathsheba,BB,2021-01-21 23:41:15,13.2167,-59.5167,77.0,83,20,11.5
137,Charters Towers,AU,2021-01-21 23:41:15,-20.1,146.2667,79.9,53,82,12.3
138,Alice Springs,AU,2021-01-21 23:37:10,-23.7,133.8833,89.6,10,0,12.66
139,Kedrovyy,RU,2021-01-21 23:41:16,56.1667,91.8167,-7.6,84,100,3.0
140,Qaanaaq,GL,2021-01-21 23:41:16,77.484,-69.3632,10.42,91,82,3.53
141,Luderitz,NA,2021-01-21 23:41:16,-26.6481,15.1594,70.92,61,18,15.46
142,Mahon,ES,2021-01-21 23:41:16,39.8885,4.2658,57.2,88,0,12.66
143,Hammerfest,NO,2021-01-21 23:41:16,70.6634,23.6821,12.2,73,0,13.8
144,Pampas,PE,2021-01-21 23:41:17,-12.4,-74.9,51.49,77,81,5.35
145,Ponta Do Sol,PT,2021-01-21 23:41:17,32.6667,-17.1,62.01,87,38,5.01
146,Ancud,CL,2021-01-21 23:41:17,-41.8697,-73.8203,71.6,68,0,6.91
147,Barrow,US,2021-01-21 23:41:17,71.2906,-156.7887,-0.4,71,90,24.16
148,Rocha,UY,2021-01-21 23:41:17,-34.4833,-54.3333,66.38,87,0,7.54
149,Yulara,AU,2021-01-21 23:41:17,-25.2406,130.9889,89.6,10,87,8.05
150,Haines Junction,CA,2021-01-21 23:41:17,60.7522,-137.5108,-2.2,92,32,1.14
151,Amga,RU,2021-01-21 23:41:17,60.8953,131.9608,-53.57,69,74,1.66
152,Pevek,RU,2021-01-21 23:41:18,69.7008,170.3133,-19.68,86,100,1.79
153,Victor Harbor,AU,2021-01-21 23:41:18,-35.5667,138.6167,81.0,31,26,3.0
154,Baykit,RU,2021-01-21 23:41:18,61.67,96.37,-36.92,75,97,4.07
155,Flinders,AU,2021-01-21 23:41:18,-34.5833,150.8552,77.0,71,2,8.01
156,Stykkisholmur,IS,2021-01-21 23:41:18,65.0757,-22.7297,26.65,91,40,24.96
157,Saint-Augustin,CA,2021-01-21 23:41:18,51.226,-58.6502,13.01,90,93,3.11
158,Westport,US,2021-01-21 23:41:19,41.1415,-73.3579,37.99,52,1,7.02
159,Awbari,LY,2021-01-21 23:41:19,26.5921,12.7805,47.91,49,0,6.85
160,Kahului,US,2021-01-21 23:41:19,20.8947,-156.47,80.6,54,40,27.63
161,Kaitangata,NZ,2021-01-21 23:41:19,-46.2817,169.8464,63.0,55,59,11.01
162,La Ronge,CA,2021-01-21 23:41:19,55.1001,-105.2842,12.2,79,100,5.75
163,Mayo,US,2021-01-21 23:41:19,38.8876,-76.5119,44.6,49,1,5.75
164,Clyde River,CA,2021-01-21 23:39:20,70.4692,-68.5914,-2.2,84,20,4.61
165,Krasnorechenskiy,RU,2021-01-21 23:41:20,44.6265,135.3532,3.81,85,0,5.55
166,Nanortalik,GL,2021-01-21 23:41:20,60.1432,-45.2371,23.31,87,0,4.56
167,Berlevag,NO,2021-01-21 23:41:20,70.8578,29.0864,21.2,93,84,17.92
168,Lebu,CL,2021-01-21 23:41:20,-37.6167,-73.65,61.86,80,0,20.29
169,Saint-Joseph,RE,2021-01-21 23:41:20,-21.3667,55.6167,80.6,74,75,1.14
170,Piacabucu,BR,2021-01-21 23:41:20,-10.4056,-36.4344,77.43,79,100,9.62
171,Hasaki,JP,2021-01-21 23:41:21,35.7333,140.8333,33.8,86,40,2.3
172,Korla,CN,2021-01-21 23:41:21,41.7597,86.1469,21.52,84,50,3.15
173,Birjand,IR,2021-01-21 23:41:21,32.8663,59.2211,26.6,50,0,9.31
174,Maues,BR,2021-01-21 23:39:40,-3.3836,-57.7186,72.46,97,89,2.19
175,Kruisfontein,ZA,2021-01-21 23:41:21,-34.0033,24.7314,68.0,93,23,1.01
176,Airai,TL,2021-01-21 23:41:21,-8.9266,125.4092,68.79,90,95,2.35
177,Northam,GB,2021-01-21 23:41:21,51.0333,-4.2167,43.0,88,27,5.01
178,Bethel,US,2021-01-21 23:41:22,41.3712,-73.414,32.0,69,1,3.56
179,Barquisimeto,VE,2021-01-21 23:40:01,10.0739,-69.3228,70.54,78,18,3.2
180,Itarema,BR,2021-01-21 23:41:22,-2.9248,-39.9167,79.56,78,87,12.17
181,Saldanha,ZA,2021-01-21 23:41:22,-33.0117,17.9442,69.8,68,22,3.44
182,Santa Rosa,PH,2021-01-21 23:38:44,14.3122,121.1114,79.0,94,75,2.3
183,Vardo,NO,2021-01-21 23:41:22,70.3705,31.1107,14.0,92,40,8.05
184,Salalah,OM,2021-01-21 23:41:22,17.0151,54.0924,66.2,59,0,2.3
185,Sidi Ali,DZ,2021-01-21 23:41:23,36.0998,0.4206,52.66,73,55,10.31
186,Ramon Castilla,PE,2021-01-21 23:41:23,-4.2569,-69.9594,80.6,89,40,2.3
187,Phon,TH,2021-01-21 23:41:23,15.816,102.5998,64.99,99,0,3.4
188,Saint-Pierre,RE,2021-01-21 23:41:23,-21.3393,55.4781,80.6,74,75,1.14
189,Arona,ES,2021-01-21 23:41:23,28.0996,-16.681,66.2,88,40,3.44
190,Belyy Yar,RU,2021-01-21 23:41:23,53.6039,91.3903,5.0,78,20,2.24
191,Ndola,ZM,2021-01-21 23:41:24,-12.9587,28.6366,62.58,97,100,0.78
192,Pedernales,DO,2021-01-21 23:41:24,18.0384,-71.744,76.93,71,41,4.0
193,Asau,RO,2021-01-21 23:41:24,46.4333,26.4,35.01,66,86,5.48
194,Bredasdorp,ZA,2021-01-21 23:41:24,-34.5322,20.0403,69.8,88,82,5.75
195,Peiting,DE,2021-01-21 23:41:24,47.8,10.9333,37.4,65,100,5.75
196,Suntar,RU,2021-01-21 23:41:24,62.1444,117.6319,-43.82,79,100,1.63
197,Ust-Maya,RU,2021-01-21 23:41:24,60.4167,134.5333,-52.94,74,77,1.74
198,Acajutla,SV,2021-01-21 23:41:25,13.5928,-89.8275,82.51,63,2,5.88
199,La Concepcion,PA,2021-01-21 23:41:25,8.5167,-82.6167,73.44,89,54,0.22
200,Clarksburg,US,2021-01-21 23:41:11,39.2807,-80.3445,37.99,70,20,10.36
201,Talnakh,RU,2021-01-21 23:41:25,69.4865,88.3972,-41.21,78,8,2.59
202,Alyangula,AU,2021-01-21 23:41:25,-13.8483,136.4192,82.4,94,75,2.3
203,Kirkwall,GB,2021-01-21 23:41:25,58.9848,-2.9587,41.0,87,75,33.38
204,Husavik,IS,2021-01-21 23:41:26,66.0449,-17.3389,28.4,93,90,16.11
205,Waingapu,ID,2021-01-21 23:41:26,-9.6567,120.2641,81.79,72,94,6.24
206,Cayenne,GF,2021-01-21 23:41:26,4.9333,-52.3333,73.4,100,75,3.44
207,Deputatskiy,RU,2021-01-21 23:41:26,69.3,139.9,-31.97,85,100,3.69
208,Wanning,CN,2021-01-21 23:41:26,18.8003,110.3967,69.69,93,89,7.25
209,Cumanayagua,CU,2021-01-21 23:41:26,22.1494,-80.2022,75.2,64,39,5.75
210,Bonthe,SL,2021-01-21 23:41:27,7.5264,-12.505,77.79,85,7,5.06
211,Hithadhoo,MV,2021-01-21 23:40:30,-0.6,73.0833,81.88,73,88,9.51
212,Ljungby,SE,2021-01-21 23:41:27,56.8332,13.9408,37.99,87,0,11.5
213,Hailar,CN,2021-01-21 23:41:27,49.2,119.7,-7.24,89,25,7.34
214,Sumbe,AO,2021-01-21 23:41:27,-11.2061,13.8437,74.46,85,73,8.48
215,Berdigestyakh,RU,2021-01-21 23:41:28,62.0989,126.6992,-56.56,58,83,2.48
216,Placido De Castro,BR,2021-01-21 23:40:09,-10.3353,-67.1856,74.46,94,96,3.06
217,Abu Dhabi,AE,2021-01-21 23:41:28,24.4667,54.3667,66.2,63,20,14.97
218,Meulaboh,ID,2021-01-21 23:41:28,4.1363,96.1285,75.2,88,88,4.99
219,Talcahuano,CL,2021-01-21 23:41:28,-36.7167,-73.1167,62.6,82,0,9.22
220,Chemodanovka,RU,2021-01-21 23:41:28,53.2316,45.2474,14.0,57,100,5.75
221,Thompson,CA,2021-01-21 23:41:28,55.7435,-97.8558,-9.4,77,90,2.3
222,Onega,RU,2021-01-21 23:41:28,63.9061,38.1404,-9.09,89,100,7.31
223,Gijon,ES,2021-01-21 23:41:29,43.5357,-5.6615,57.0,71,0,16.11
224,Mayumba,GA,2021-01-21 23:41:29,-3.432,10.6554,79.05,86,100,6.69
225,Mahina,PF,2021-01-21 23:41:29,-17.5065,-149.489,86.0,62,75,11.5
226,Medina,SA,2021-01-21 23:40:32,24.4686,39.6142,55.4,26,0,13.8
227,Guarapari,BR,2021-01-21 23:41:29,-20.6667,-40.4975,78.8,78,20,5.75
228,Chuy,UY,2021-01-21 23:41:29,-33.6971,-53.4616,68.59,83,0,9.19
229,Yar-Sale,RU,2021-01-21 23:41:29,66.8333,70.8333,-36.08,83,83,8.14
230,Presque Isle,US,2021-01-21 23:41:29,46.6811,-68.0159,10.4,85,90,4.61
231,Maniitsoq,GL,2021-01-21 23:41:30,65.4167,-52.9,24.33,82,0,8.1
232,Bengkulu,ID,2021-01-21 23:41:30,-3.8004,102.2655,75.18,84,100,4.29
233,Angren,UZ,2021-01-21 23:41:30,41.0167,70.1436,33.84,89,100,9.62
234,Ola,RU,2021-01-21 23:41:30,59.5833,151.2833,-7.51,74,64,5.93
235,Ghanzi,BW,2021-01-21 23:41:30,-21.5667,21.7833,70.9,80,86,10.71
236,Wajir,KE,2021-01-21 23:41:31,1.7471,40.0573,77.94,72,100,16.24
237,Soyo,AO,2021-01-21 23:41:31,-6.1349,12.3689,79.52,82,100,8.48
238,Panjakent,TJ,2021-01-21 23:41:31,39.4952,67.6093,26.6,80,90,29.93
239,Quatre Cocos,MU,2021-01-21 23:41:31,-20.2078,57.7625,78.01,83,40,8.97
240,Tessalit,ML,2021-01-21 23:41:31,20.1986,1.0114,60.15,28,0,12.33
241,Shimoda,JP,2021-01-21 23:41:31,34.6667,138.95,50.0,71,20,2.3
242,Mogzon,RU,2021-01-21 23:41:31,51.7435,111.9606,-3.86,89,99,0.4
243,Ahipara,NZ,2021-01-21 23:41:32,-35.1667,173.1667,66.88,58,18,9.98
244,Sitka,US,2021-01-21 23:41:32,57.0531,-135.33,39.2,87,75,8.05
245,Celle,DE,2021-01-21 23:41:32,52.6226,10.0805,46.0,87,100,11.5
246,Sola,VU,2021-01-21 23:41:32,-13.8833,167.55,81.97,79,100,12.55
247,Aligudarz,IR,2021-01-21 23:41:32,33.4006,49.6949,19.69,92,1,1.83
248,Makamba,BI,2021-01-21 23:41:32,-4.1348,29.804,62.44,92,100,2.55
249,Mokshan,RU,2021-01-21 23:41:33,53.4365,44.6132,14.0,57,100,8.19
250,Lugovoy,KZ,2021-01-21 23:41:33,42.9472,72.7644,30.99,95,100,7.7
251,Ostrovnoy,RU,2021-01-21 23:41:33,68.0531,39.5131,1.72,91,100,7.87
252,Oranjemund,NA,2021-01-21 23:41:33,-28.55,16.4333,67.69,75,55,4.14
253,Maragogi,BR,2021-01-21 23:41:33,-9.0122,-35.2225,77.18,82,100,8.88
254,Gat,IL,2021-01-21 23:41:33,31.61,34.7642,46.99,79,0,1.01
255,Torbay,CA,2021-01-21 23:41:34,47.6666,-52.7314,30.99,100,90,29.93
256,Zhigansk,RU,2021-01-21 23:41:34,66.7697,123.3711,-39.14,80,100,6.33
257,Tuktoyaktuk,CA,2021-01-21 23:41:34,69.4541,-133.0374,-7.6,77,90,14.97
258,Leningradskiy,RU,2021-01-21 23:41:34,69.3833,178.4167,-13.41,87,100,8.41
259,Strelka,RU,2021-01-21 23:41:34,58.0728,93.0344,-12.37,88,100,8.25
260,Palmer,US,2021-01-21 23:41:34,42.1584,-72.3287,30.0,70,47,4.56
261,Qaqortoq,GL,2021-01-21 23:41:34,60.7167,-46.0333,23.0,54,20,6.91
262,Waipawa,NZ,2021-01-21 23:41:35,-41.4122,175.5153,68.0,52,20,14.97
263,Lata,PT,2021-01-21 23:41:35,40.1629,-8.3327,60.01,88,100,5.99
264,Beira,MZ,2021-01-21 23:41:35,-19.8436,34.8389,80.6,78,40,14.97
265,Paragominas,BR,2021-01-21 23:41:35,-2.9667,-47.4833,72.82,98,100,2.46
266,Komsomolskiy,UZ,2021-01-21 23:41:35,40.4272,71.7189,37.4,81,100,4.61
267,Yakovlevka,RU,2021-01-21 23:41:35,44.425,133.4772,4.32,91,90,2.04
268,Lazurne,UA,2021-01-21 23:41:36,46.084,32.5295,44.49,90,0,16.6
269,Asifabad,IN,2021-01-21 23:41:36,19.3667,79.2833,63.99,38,0,3.49
270,Hamilton,US,2021-01-21 23:36:48,39.1834,-84.5333,46.4,39,1,10.36
271,Bambous Virieux,MU,2021-01-21 23:41:36,-20.3428,57.7575,78.01,83,40,9.33
272,Horta,PT,2021-01-21 23:41:36,38.5333,-28.6333,58.41,69,96,6.44
273,Comodoro Rivadavia,AR,2021-01-21 23:41:36,-45.8667,-67.5,86.0,28,0,16.11
274,Beloha,MG,2021-01-21 23:37:24,-25.1667,45.05,78.55,85,34,7.99
275,Neiafu,TO,2021-01-21 23:41:37,-18.65,-173.9833,78.8,89,75,5.75
276,Karpathos,GR,2021-01-21 23:41:37,35.507,27.2132,55.4,67,11,3.44
277,Namatanai,PG,2021-01-21 23:41:37,-3.6667,152.4333,83.66,60,86,7.78
278,Coahuayana,MX,2021-01-21 23:41:37,18.7333,-103.6833,86.0,48,40,2.93
279,Orcopampa,PE,2021-01-21 23:41:37,-15.2661,-72.3417,45.37,72,99,4.9
280,Kitgum,UG,2021-01-21 23:41:37,3.2783,32.8867,74.43,40,100,3.38
281,Narasannapeta,IN,2021-01-21 23:41:38,18.4167,84.05,68.2,89,0,3.51
282,Pacific Grove,US,2021-01-21 23:41:38,36.6177,-121.9166,55.4,71,1,8.05
283,Bambari,CF,2021-01-21 23:41:38,5.768,20.6757,72.59,25,47,4.97
284,Villarrica,PY,2021-01-21 23:41:38,-25.75,-56.4333,74.8,95,50,3.13
285,Christiana,ZA,2021-01-21 23:41:38,-27.914,25.1611,75.34,45,20,2.71
286,Birin,NP,2021-01-21 23:41:38,26.8865,88.0718,41.9,93,1,3.53
287,Ust-Nera,RU,2021-01-21 23:41:39,64.5667,143.2,-30.73,74,50,1.9
288,Falam,MM,2021-01-21 23:41:39,22.9167,93.6833,42.82,98,41,0.72
289,Devonport,AU,2021-01-21 23:41:39,-41.1667,146.35,68.0,62,100,1.99
290,Tiarei,PF,2021-01-21 23:41:39,-17.5333,-149.3333,86.0,62,75,11.5
291,Mirnyy,RU,2021-01-21 23:41:39,62.5353,113.9611,-48.62,78,99,1.59
292,Kirakira,SB,2021-01-21 23:41:39,-10.4544,161.9205,84.25,71,100,11.7
293,Impfondo,CG,2021-01-21 23:41:40,1.6381,18.0667,75.94,57,97,1.63
294,Adrar,MR,2021-01-21 23:41:40,20.5022,-10.0711,62.35,24,59,11.54
295,Dovers,VC,2021-01-21 23:41:40,12.8833,-61.1833,78.8,83,75,5.75
296,Lompoc,US,2021-01-21 23:41:13,34.6391,-120.4579,64.0,55,0,11.5
297,Padang,ID,2021-01-21 23:41:40,-0.9492,100.3543,77.14,70,100,3.65
298,Biak,ID,2021-01-21 23:41:40,-0.9131,122.8766,81.07,71,15,1.12
299,Ayagoz,KZ,2021-01-21 23:41:40,47.9714,80.4392,20.28,90,99,5.41
300,Uberlandia,BR,2021-01-21 23:41:41,-18.9186,-48.2772,69.84,79,75,6.91
301,Fortuna,US,2021-01-21 23:41:41,40.5982,-124.1573,57.99,71,40,6.15
302,Labuan,MY,2021-01-21 23:41:41,5.2767,115.2417,75.2,94,20,9.86
303,Atar,MR,2021-01-21 23:41:41,20.5169,-13.0499,63.54,23,64,10.13
304,Malinyi,TZ,2021-01-21 23:41:41,-8.9333,36.1333,72.18,95,100,2.3
305,Bud,US,2021-01-21 23:41:41,39.447,-86.1758,44.6,42,1,10.36
306,Tokur,RU,2021-01-21 23:41:41,53.1333,132.9,-33.97,85,92,2.68
307,Half Moon Bay,US,2021-01-21 23:41:42,37.4636,-122.4286,59.0,54,75,5.75
308,Alofi,NU,2021-01-21 23:41:42,-19.0595,-169.9187,86.0,79,75,9.22
309,Esperance,AU,2021-01-21 23:41:42,-33.8667,121.9,68.0,73,40,12.66
310,Dingle,PH,2021-01-21 23:41:42,10.9995,122.6711,78.76,82,53,2.98
311,Jacareacanga,BR,2021-01-21 23:41:42,-6.2222,-57.7528,70.2,97,100,1.07
312,San Miguel,SV,2021-01-21 23:41:10,13.4833,-88.1833,85.23,39,0,4.9
313,Henties Bay,NA,2021-01-21 23:41:43,-22.116,14.2845,70.0,86,63,1.5
314,Bangkal,PH,2021-01-21 23:41:43,6.0667,121.0667,79.63,78,88,1.86
315,Scarborough,GB,2021-01-21 23:41:43,54.2797,-0.4044,37.0,84,0,4.0
316,Chik Ballapur,IN,2021-01-21 23:41:43,13.4342,77.7242,68.0,100,75,2.3
317,Panguna,PG,2021-01-21 23:41:44,-6.3164,155.4848,81.43,57,96,4.14
318,Kloulklubed,PW,2021-01-21 23:41:44,7.0419,134.2556,82.4,89,90,5.75
319,Ayan,RU,2021-01-21 23:41:44,56.45,138.1667,-14.98,73,100,12.66
320,Bellingham,US,2021-01-21 23:39:28,48.7595,-122.4882,48.2,43,40,14.97
321,Mogadishu,SO,2021-01-21 23:41:44,2.0371,45.3438,77.52,86,46,18.1
322,Fourmies,FR,2021-01-21 23:41:45,50.0153,4.0478,46.99,95,95,8.01
323,Khatanga,RU,2021-01-21 23:41:45,71.9667,102.5,-34.73,83,96,3.4
324,Vanimo,PG,2021-01-21 23:41:45,-2.6741,141.3028,83.3,72,100,2.44
325,Severo-Kurilsk,RU,2021-01-21 23:41:45,50.6789,156.125,20.48,92,97,3.06
326,Hobyo,SO,2021-01-21 23:41:45,5.3505,48.5268,78.53,82,88,20.24
327,Tagusao,PH,2021-01-21 23:41:45,9.1924,117.8141,78.94,82,100,5.39
328,Buala,SB,2021-01-21 23:41:45,-8.145,159.5921,84.69,57,97,8.77
329,Semirom,IR,2021-01-21 23:41:46,31.4167,51.5667,21.61,85,0,4.97
330,Jumla,NP,2021-01-21 23:39:02,29.2747,82.1838,41.09,39,0,4.74
331,Labrea,BR,2021-01-21 23:41:46,-7.2586,-64.7981,72.66,98,100,1.63
332,Bayanday,RU,2021-01-21 23:41:46,53.0661,105.5139,-6.52,88,83,2.59
333,Bryan,US,2021-01-21 23:41:47,30.6744,-96.37,61.0,100,90,0.54
334,Pallapatti,IN,2021-01-21 23:41:47,11.6593,78.1342,72.52,88,31,3.15
335,Faanui,PF,2021-01-21 23:41:47,-16.4833,-151.75,81.64,74,6,16.84
336,Bindi,SL,2021-01-21 23:41:47,9.9167,-11.45,71.62,22,84,1.39
337,La Romana,DO,2021-01-21 23:37:33,18.4273,-68.9728,77.0,88,20,9.55
338,Tarskoye,RU,2021-01-21 23:41:48,42.967,44.7711,15.8,86,0,6.71
339,Mount Gambier,AU,2021-01-21 23:41:48,-37.8333,140.7667,66.2,68,40,10.36
340,Tornio,FI,2021-01-21 23:41:48,65.8481,24.1466,12.2,85,90,23.02
341,Alekseyevsk,RU,2021-01-21 23:41:48,57.8406,108.3492,-19.1,85,100,1.74
342,Saint George,US,2021-01-21 23:41:48,37.1041,-113.5841,59.0,33,1,4.61
343,Yorosso,ML,2021-01-21 23:41:48,12.3536,-4.7761,71.17,20,0,11.21
344,Neryungri,RU,2021-01-21 23:41:49,56.6709,124.6491,-34.78,81,72,0.98
345,Pathein,MM,2021-01-21 23:41:49,16.7833,94.7333,67.23,91,0,4.92
346,Coaticook,CA,2021-01-21 23:41:49,45.1334,-71.7991,19.4,79,100,4.61
347,Aleksandrov Gay,RU,2021-01-21 23:41:49,50.147,48.5704,10.76,94,100,13.38
348,Izhma,RU,2021-01-21 23:41:49,65.0083,53.9113,-8.82,89,100,3.22
349,Shakawe,BW,2021-01-21 23:41:49,-18.3667,21.85,70.2,91,100,1.23
350,Okhotsk,RU,2021-01-21 23:41:50,59.3833,143.3,-10.32,82,100,11.83
351,San Martin,AR,2021-01-21 23:41:50,-33.081,-68.4681,93.2,11,20,12.66
352,Sao Jose Da Coroa Grande,BR,2021-01-21 23:41:24,-8.8978,-35.1478,77.4,82,100,9.42
353,Tubuala,PA,2021-01-21 23:41:50,9.5167,-79.0333,82.4,69,40,11.5
354,Sirjan,IR,2021-01-21 23:41:50,29.452,55.6814,37.71,65,27,5.7
355,Tezu,IN,2021-01-21 23:41:50,27.9167,96.1667,53.33,61,0,3.71
356,Bam,IR,2021-01-21 23:41:51,29.106,58.357,40.91,59,4,17.09
357,Garissa,KE,2021-01-21 23:41:51,-0.4536,39.6401,77.9,72,100,9.4
358,Klaksvik,FO,2021-01-21 23:41:51,62.2266,-6.589,35.6,75,75,32.21
359,Sarangarh,IN,2021-01-21 23:41:51,21.6,83.0833,56.62,37,1,2.73
360,Araouane,ML,2021-01-21 23:41:51,18.9048,-3.5265,63.99,22,26,11.92
361,Ongwediva,NA,2021-01-21 23:41:51,-17.7833,15.7667,73.4,88,100,4.61
362,Kurgunta,IN,2021-01-21 23:41:51,17.2,77.35,68.04,54,0,4.12
363,Tommot,RU,2021-01-21 23:41:52,58.9564,126.2925,-34.67,80,100,0.76
364,Emba,KZ,2021-01-21 23:41:52,48.8264,58.1442,-8.88,90,97,7.05
365,Tautira,PF,2021-01-21 23:41:52,-17.7333,-149.15,86.0,62,75,11.5
366,Kodiak,US,2021-01-21 23:41:52,57.79,-152.4072,42.8,81,90,17.27
367,Jiuquan,CN,2021-01-21 23:41:52,39.7432,98.5174,25.11,64,0,2.8
368,Cabedelo,BR,2021-01-21 23:41:52,-6.9811,-34.8339,78.8,83,20,8.05
369,Namibe,AO,2021-01-21 23:41:53,-15.1961,12.1522,73.36,75,100,7.4
370,Abeche,TD,2021-01-21 23:41:53,13.8292,20.8324,62.85,27,0,13.91
371,Koulikoro,ML,2021-01-21 23:41:53,14.0,-7.75,70.36,20,39,10.56
372,Rio Bueno,CL,2021-01-21 23:41:53,-40.3167,-72.9667,80.6,54,0,11.5
373,Ilulissat,GL,2021-01-21 23:41:53,69.2167,-51.1,14.0,62,20,3.44
374,Salisbury,GB,2021-01-21 23:41:53,51.0693,-1.7957,35.6,93,43,8.05
375,Santa Ines,BR,2021-01-21 23:41:54,-3.6667,-45.38,74.37,95,100,3.0
376,Hanting,CN,2021-01-21 23:41:54,36.7708,119.2108,30.96,93,100,5.77
377,Kudahuvadhoo,MV,2021-01-21 23:41:54,2.6708,72.8944,82.31,65,54,7.07
378,Fort Frances,CA,2021-01-21 23:41:54,48.5999,-93.4003,3.99,72,90,12.66
379,Gorontalo,ID,2021-01-21 23:41:54,0.5412,123.0595,81.09,78,82,2.84
380,Abu Kamal,SY,2021-01-21 23:41:54,34.4506,40.9171,39.38,67,22,7.0
381,Iquique,CL,2021-01-21 23:41:54,-20.2208,-70.1431,71.6,64,0,23.02
382,Saint-Francois,FR,2021-01-21 23:41:55,46.4154,3.9054,50.0,71,0,10.36
383,San Andres,CO,2021-01-21 23:41:55,12.5847,-81.7006,82.4,74,40,13.8
384,Kamenka,RU,2021-01-21 23:41:55,51.3223,42.7678,19.99,93,100,11.5
385,Aswan,EG,2021-01-21 23:41:55,24.0934,32.907,50.83,73,0,11.39
386,Poum,NC,2021-01-21 23:41:55,-20.2333,164.0167,79.52,73,100,9.75
387,Panique,PH,2021-01-21 23:41:55,12.4797,122.0153,78.98,81,91,4.38
388,Necochea,AR,2021-01-21 23:41:21,-38.5473,-58.7368,80.01,52,6,8.01
389,Ixtapa,MX,2021-01-21 23:37:11,20.7,-105.2,78.8,65,20,6.91
390,Maldonado,UY,2021-01-21 23:37:26,-34.6667,-54.9167,75.2,78,0,16.11
391,Amos,CA,2021-01-21 23:41:56,48.5669,-78.1162,19.4,93,90,4.25
392,Januaria,BR,2021-01-21 23:41:56,-15.4833,-44.3667,73.99,63,26,2.17
393,Banjar,ID,2021-01-21 23:41:56,-8.19,114.9675,82.04,65,96,4.34
394,Bowen,AU,2021-01-21 23:41:56,-20.0167,148.2333,82.4,57,76,16.11
395,Sydney,AU,2021-01-21 23:37:08,-33.8679,151.2073,82.99,44,0,8.05
396,Nantucket,US,2021-01-21 23:37:22,41.2835,-70.0995,39.99,75,90,10.36
397,Walvis Bay,NA,2021-01-21 23:41:57,-22.9575,14.5053,70.0,77,47,12.66
398,Douentza,ML,2021-01-21 23:41:57,14.9951,-2.9517,65.41,24,0,5.84
399,Porto Uniao,BR,2021-01-21 23:38:35,-26.2381,-51.0783,63.86,96,100,3.31
400,Ibimirim,BR,2021-01-21 23:41:57,-8.5406,-37.6903,75.07,70,100,15.66
401,Barabinsk,RU,2021-01-21 23:41:57,55.3571,78.357,-9.31,91,96,8.84
402,Santa Cruz,BO,2021-01-21 23:40:00,-17.8,-63.1667,87.8,40,20,5.75
403,Dzerzhinsk,RU,2021-01-21 23:41:58,56.2389,43.4631,8.6,85,90,4.47
404,Lagoa,PT,2021-01-21 23:41:58,39.05,-27.9833,58.55,69,93,9.75
405,Ratnagiri,IN,2021-01-21 23:41:58,16.9833,73.3,72.28,52,0,4.21
406,Coquimbo,CL,2021-01-21 23:41:58,-29.9533,-71.3436,64.4,72,0,12.66
407,Gebog,ID,2021-01-21 23:41:59,-6.735,110.8444,75.0,94,99,6.02
408,Broome,US,2021-01-21 23:41:59,42.2506,-75.833,33.01,64,90,3.44
409,Pimentel,PE,2021-01-21 23:41:59,-6.8367,-79.9342,75.2,69,0,20.71
410,Irbil,IQ,2021-01-21 23:41:59,36.1926,44.0106,32.0,93,0,3.44
411,Kushmurun,KZ,2021-01-21 23:41:59,52.4503,64.6311,-10.75,88,24,8.14
412,Perth,AU,2021-01-21 23:41:13,-31.9333,115.8333,75.99,56,0,14.97
413,Kalispell,US,2021-01-21 23:42:00,48.1958,-114.3129,32.0,59,90,3.44
414,Aden,YE,2021-01-21 23:42:00,12.7794,45.0367,75.31,68,36,11.59
415,Kobryn,BY,2021-01-21 23:42:00,52.2138,24.3564,30.47,98,55,7.99
416,Mizan Teferi,ET,2021-01-21 23:42:00,6.9833,35.5833,69.73,47,88,1.59
417,Khani,GE,2021-01-21 23:42:00,41.9563,42.9566,32.0,80,40,10.36
418,Grenada,ES,2021-01-21 23:39:02,37.1882,-3.6067,52.0,100,40,4.32
419,Sorong,ID,2021-01-21 23:42:01,-0.8833,131.25,81.54,78,74,5.14
420,Praia Da Vitoria,PT,2021-01-21 23:42:01,38.7333,-27.0667,62.6,94,20,4.94
421,Barguzin,RU,2021-01-21 23:42:01,53.6167,109.6167,-11.2,81,84,4.56
422,Port Hardy,CA,2021-01-21 23:42:01,50.6996,-127.4199,41.0,75,20,2.3
423,Kerrville,US,2021-01-21 23:42:01,30.0474,-99.1403,62.6,77,90,1.03
424,Dunedin,NZ,2021-01-21 23:42:02,-45.8742,170.5036,62.55,56,82,1.66
425,Viseu,PT,2021-01-21 23:42:02,40.661,-7.9097,55.99,87,100,13.0
426,Auki,SB,2021-01-21 23:42:02,-8.7676,160.7034,85.01,59,81,8.48
427,Kontagora,NG,2021-01-21 23:42:02,10.3999,5.4695,72.07,20,71,6.96
428,Yichun,CN,2021-01-21 23:42:02,47.7,128.9,-8.41,87,31,0.4
429,Moindou,NC,2021-01-21 23:42:03,-21.6924,165.677,82.4,61,0,11.5
430,Port-Gentil,GA,2021-01-21 23:42:03,-0.7193,8.7815,80.6,89,40,4.61
431,Fairbanks,US,2021-01-21 23:37:09,64.8378,-147.7164,6.8,78,20,3.44
432,Murgab,TM,2021-01-21 23:42:03,37.4966,61.9714,26.6,86,90,16.11
433,Montepuez,MZ,2021-01-21 23:42:03,-13.1256,38.9997,70.57,96,100,4.7
434,Pozo Colorado,PY,2021-01-21 23:42:03,-23.4923,-58.7972,80.78,65,71,4.76
435,Port Augusta,AU,2021-01-21 23:42:03,-32.5,137.7667,90.0,64,0,9.22
436,Rafina,GR,2021-01-21 23:42:04,38.0181,24.006,48.0,87,20,3.44
437,Katiola,CI,2021-01-21 23:42:04,8.1333,-5.1,78.8,34,0,4.61
438,Neuquen,AR,2021-01-21 23:42:04,-38.9516,-68.0591,100.4,28,0,3.44
439,Halifax,CA,2021-01-21 23:37:30,44.6453,-63.5724,26.01,50,90,9.22
440,Kargil,IN,2021-01-21 23:42:04,34.5667,76.1,-1.75,66,88,0.76
441,Manokwari,ID,2021-01-21 23:42:04,-0.8667,134.0833,81.97,70,79,0.31
442,Venkatagiri,IN,2021-01-21 23:42:05,13.9667,79.5833,71.38,91,8,3.98
443,Morro Bay,US,2021-01-21 23:38:04,35.3658,-120.8499,66.99,83,9,4.0
444,Mandera,KE,2021-01-21 23:42:05,3.9366,41.867,82.69,52,84,10.16
445,Imeni Zhelyabova,RU,2021-01-21 23:42:05,58.9544,36.5956,7.25,95,100,7.54
446,Egvekinot,RU,2021-01-21 23:42:05,66.3167,-179.1667,-11.07,91,100,17.87
447,Janow Lubelski,PL,2021-01-21 23:42:05,50.707,22.4104,41.0,86,32,5.01
448,Torrington,US,2021-01-21 23:42:06,41.8007,-73.1212,30.0,74,42,1.99
449,Sebrovo,RU,2021-01-21 23:42:06,50.0981,43.2976,16.0,90,100,14.18
450,Kambove,CD,2021-01-21 23:42:06,-10.8764,26.5969,60.94,100,99,2.98
451,Yerbogachen,RU,2021-01-21 23:42:06,61.2767,108.0108,-45.36,78,49,3.51
452,Shahrud,IR,2021-01-21 23:42:06,36.4182,54.9763,23.92,79,2,7.02
453,Bubaque,GW,2021-01-21 23:42:06,11.2833,-15.8333,78.06,74,59,10.25
454,Codrington,AU,2021-01-21 23:42:07,-38.2667,141.9667,68.04,55,100,10.02
455,Ovre Ardal,NO,2021-01-21 23:42:07,61.3167,7.8,28.92,92,89,6.89
456,Galdar,ES,2021-01-21 23:42:07,28.147,-15.6502,66.2,82,75,12.66
457,Racine,US,2021-01-21 23:42:07,42.7495,-88.0751,34.0,69,40,9.22
458,Cimahi,ID,2021-01-21 23:42:07,-6.8722,107.5425,71.28,69,97,2.13
459,Tomatlan,MX,2021-01-21 23:42:08,19.9333,-105.25,86.23,37,37,9.13
460,Smithers,CA,2021-01-21 23:41:20,54.7804,-127.1743,23.0,80,90,4.61
461,Krasnoselkup,RU,2021-01-21 23:42:08,65.7,82.4667,-43.26,79,25,9.19
462,Ugoofaaru,MV,2021-01-21 23:42:08,5.6667,73.0,81.86,66,64,4.21
463,Nouna,BF,2021-01-21 23:42:08,12.7333,-3.8667,69.31,21,0,9.01
464,Valparaiso,CL,2021-01-21 23:41:48,-33.0393,-71.6273,64.0,88,40,9.22
465,Sosnovo-Ozerskoye,RU,2021-01-21 23:42:08,52.5249,111.5418,-12.98,89,97,0.76
466,Challapata,BO,2021-01-21 23:42:09,-18.9,-66.7667,51.49,64,73,10.33
467,Tazovskiy,RU,2021-01-21 23:42:09,67.4667,78.7,-40.2,81,25,6.53
468,Mnogovershinnyy,RU,2021-01-21 23:42:09,53.9353,139.9242,-12.46,90,100,5.5
469,Rafsanjan,IR,2021-01-21 23:42:09,30.4067,55.9939,33.75,76,55,10.76
470,Carutapera,BR,2021-01-21 23:42:09,-1.195,-46.02,78.58,85,100,8.52
471,Harrisonburg,US,2021-01-21 23:41:15,38.4496,-78.8689,39.2,48,1,6.91
472,Juba,SS,2021-01-21 23:42:09,4.8517,31.5825,76.95,29,98,2.89
473,Nuuk,GL,2021-01-21 23:41:49,64.1835,-51.7216,24.8,80,20,4.61
474,Sisimiut,GL,2021-01-21 23:42:10,66.9395,-53.6735,21.06,80,0,6.44
475,Kyra,RU,2021-01-21 23:42:10,49.5776,111.9753,-3.32,84,5,1.99
476,South Venice,US,2021-01-21 23:42:10,27.0531,-82.4243,64.0,82,1,5.66
477,Sungairaya,ID,2021-01-21 23:42:10,0.7,108.9,77.4,87,100,4.9
478,Ergani,TR,2021-01-21 23:42:10,38.2653,39.7621,21.2,73,0,5.75
479,Kavieng,PG,2021-01-21 23:42:10,-2.5744,150.7967,83.57,64,93,8.19
480,Varanasi,IN,2021-01-21 23:42:10,25.3333,83.0,48.09,60,0,4.7
481,Gombong,ID,2021-01-21 23:42:11,-7.6072,109.5142,60.01,10,100,2.55
482,Kununurra,AU,2021-01-21 23:42:11,-15.7667,128.7333,80.6,89,75,19.57
483,Faya,SA,2021-01-21 23:42:11,18.3851,42.4509,53.6,32,6,6.91
484,Carbonia,IT,2021-01-21 23:42:11,39.1672,8.5222,53.01,93,20,4.61
485,Morondava,MG,2021-01-21 23:42:11,-20.2833,44.2833,83.14,70,100,10.6
486,Nouadhibou,MR,2021-01-21 23:42:11,20.931,-17.0347,66.2,55,98,14.97
487,Vostok,RU,2021-01-21 23:42:11,46.4856,135.8833,-6.34,88,0,3.83
488,Dudinka,RU,2021-01-21 23:42:11,69.4058,86.1778,-45.49,78,31,2.04
489,Viet Tri,VN,2021-01-21 23:39:18,21.3019,105.4308,60.8,88,69,2.3
490,Lindi,TZ,2021-01-21 23:42:12,-10.0,39.7167,76.68,92,99,6.17
491,Kandalaksha,RU,2021-01-21 23:42:12,67.162,32.4123,-2.06,90,100,6.38
492,Darhan,MN,2021-01-21 23:42:12,49.4867,105.9228,5.0,89,61,2.51
493,Shumyachi,RU,2021-01-21 23:42:12,53.8583,32.4242,24.73,98,82,9.24
494,Kjollefjord,NO,2021-01-21 23:42:12,70.9457,27.3465,19.15,90,41,17.92
495,Tsabong,BW,2021-01-21 23:42:12,-26.0217,22.401,82.26,40,20,11.39
496,La Suiza,CR,2021-01-21 23:42:13,9.8524,-83.6133,71.6,68,40,14.97
497,Wilmington,US,2021-01-21 23:40:26,34.2257,-77.9447,53.6,71,90,9.22
498,Pisco,PE,2021-01-21 23:42:13,-13.7,-76.2167,73.4,73,0,23.02
499,Caiaponia,BR,2021-01-21 23:42:13,-16.9567,-51.8103,70.05,83,80,2.15
500,Murud,IN,2021-01-21 23:42:13,18.3258,72.965,69.37,65,0,4.52
501,Talara,PE,2021-01-21 23:42:14,-4.5772,-81.2719,72.48,82,1,12.75
502,Ocampo,MX,2021-01-21 23:42:14,21.65,-101.5,66.22,31,0,13.67
503,Ushtobe,KZ,2021-01-21 23:42:14,45.2514,77.9838,29.39,90,100,1.63
504,Paris,FR,2021-01-21 23:41:30,48.8534,2.3488,50.0,93,90,19.57
505,Sioux Lookout,CA,2021-01-21 23:42:14,50.1001,-91.917,-2.2,78,90,12.66
506,Parana,AR,2021-01-21 23:39:33,-31.732,-60.5238,86.0,50,0,1.99
507,Cairns,AU,2021-01-21 23:38:09,-16.9167,145.7667,84.0,83,40,6.91
508,Aromashevo,RU,2021-01-21 23:42:14,56.8602,68.6375,-15.21,89,91,7.96
509,Kalevala,RU,2021-01-21 23:42:15,65.2,31.1667,8.31,92,100,13.02
510,Karratha,AU,2021-01-21 23:42:15,-20.7377,116.8463,86.34,58,81,5.64
511,San Policarpo,PH,2021-01-21 23:42:15,12.1791,125.5072,81.16,85,92,7.96
512,Maraa,BR,2021-01-21 23:42:15,-1.8333,-65.3667,74.1,96,55,0.63
513,Semey,KZ,2021-01-21 23:42:15,50.4111,80.2275,21.2,93,90,13.42
514,Havre-Saint-Pierre,CA,2021-01-21 23:42:15,50.2334,-63.5986,-2.2,84,1,4.61
515,Rio Grande,BR,2021-01-21 23:39:21,-32.035,-52.0986,73.99,73,21,1.99
516,Copperas Cove,US,2021-01-21 23:42:15,31.1241,-97.9031,60.8,82,90,5.1
517,Launceston,AU,2021-01-21 23:42:16,-41.45,147.1667,64.4,68,99,16.11
518,Eyl,SO,2021-01-21 23:42:16,7.9803,49.8164,74.48,78,40,15.84
519,Laguna,US,2021-01-21 23:42:16,38.421,-121.4238,63.0,34,1,5.75
520,Harper,LR,2021-01-21 23:42:16,4.375,-7.7169,78.35,85,1,8.12
521,Farafangana,MG,2021-01-21 23:42:16,-22.8167,47.8333,79.5,91,46,7.38
522,Chabahar,IR,2021-01-21 23:42:16,25.2919,60.643,69.73,64,3,19.15
523,Gamba,GA,2021-01-21 23:42:17,-2.65,10.0,77.88,87,100,4.74
524,Lasa,IT,2021-01-21 23:42:17,46.6166,10.7002,34.0,100,90,3.44
525,Hoquiam,US,2021-01-21 23:42:17,46.9809,-123.8893,46.0,81,90,11.5
526,Darien,US,2021-01-21 23:42:17,41.752,-87.974,36.0,75,1,14.97
527,Puerto Escondido,MX,2021-01-21 23:42:17,15.85,-97.0667,84.2,70,20,5.75
528,Nacala,MZ,2021-01-21 23:42:17,-14.5428,40.6728,75.13,87,100,9.26
529,San Remo,IT,2021-01-21 23:42:17,43.8182,7.7612,50.0,95,100,10.98
530,Camana,PE,2021-01-21 23:42:17,-16.6228,-72.7111,71.56,77,91,8.55
531,Plettenberg Bay,ZA,2021-01-21 23:42:18,-34.0527,23.3716,69.62,84,60,2.71
532,Vilyuysk,RU,2021-01-21 23:42:18,63.7553,121.6247,-51.25,76,100,3.47
533,Sao Joao Da Barra,BR,2021-01-21 23:40:08,-21.6403,-41.0511,75.92,86,9,9.08
534,Lingao,CN,2021-01-21 23:42:18,19.9103,109.6859,66.65,94,71,5.88
535,Russell,US,2021-01-21 23:42:18,32.3502,-85.1999,75.2,57,90,5.75
536,Andapa,MG,2021-01-21 23:42:18,-14.65,49.65,71.69,91,100,1.34
537,Bad Soden,DE,2021-01-21 23:42:18,50.289,9.3662,52.0,75,100,11.99
538,Turbat,PK,2021-01-21 23:39:04,26.0023,63.044,59.09,86,30,2.17
539,Kavaratti,IN,2021-01-21 23:42:19,10.5669,72.642,81.45,75,26,10.76
540,Asfi,MA,2021-01-21 23:42:19,32.2994,-9.2372,60.57,93,38,8.28
541,Guanica,PR,2021-01-21 23:42:19,17.9716,-66.908,73.0,93,51,1.99
542,Uvalde,US,2021-01-21 23:42:19,29.3669,-99.767,61.0,77,1,1.25
543,Antofagasta,CL,2021-01-21 23:37:31,-23.65,-70.4,68.0,68,20,16.11
544,Carballo,ES,2021-01-21 23:42:19,43.213,-8.691,48.99,91,89,1.99
545,Labuhan,ID,2021-01-21 23:42:20,-6.8844,112.2051,78.71,86,99,7.94
546,Igrim,RU,2021-01-21 23:42:20,63.1906,64.4162,-23.58,85,100,11.1
547,Kivsharivka,UA,2021-01-21 23:42:20,49.6213,37.7036,30.16,98,100,12.08
548,Vestmanna,FO,2021-01-21 23:42:20,62.1564,-7.1664,35.6,75,75,32.21
549,Luanda,AO,2021-01-21 23:42:20,-8.8368,13.2343,77.0,83,20,8.05
